id,full_name,country,email,gender,dob,blood_group,state
1701CS22,Davita Leyden,India,dleyden1v@nature.com,Female,02-10-2020,A-,Himachal Pradesh
1701CS35,Cissiee Gauler,Mauritius,cgauler28@meetup.com,Female,17-09-2020,A-,Jammu and Kashmir
1711CS10,Alicea Mannooch,India,amannooch5t@google.ru,Female,10-02-2020,A+,Telangana
1711EE04,Obadiah Jendricke,France,ojendricke60@ebay.co.uk,Male,19-03-2020,A-,Goa
1711MC11,Orton Cornelisse,Indonesia,ocornelisse6e@examiner.com,Male,18-01-2020,B-,Maharashtra
1721MS02,Serge Bamber,Reunion,sbamber8k@prnewswire.com,Male,20-09-2020,B+,Maharashtra
1721PH12,Iosep Piercy,Russia,ipiercy8v@utexas.edu,Male,10-08-2020,AB+,Meghalaya
1801CB15,Alfonse Tacker,Sweden,atacker9a@joomla.org,Male,03-04-2020,AB+,West Bengal
1801CE05,Shurlock Maund,United States,smaund9s@hud.gov,Male,01-10-2020,A-,Haryana
1801CS12,Kelcy Moukes,Russia,kmoukesar@hhs.gov,Female,20-02-2020,AB+,Jharkhand
1801CS56,Worth Bendare,Philippines,wbendarebz@nydailynews.com,Male,28-09-2020,B-,Lakshadweep
1801CS65,Sharai Tomasino,Sweden,stomasinoc8@guardian.co.uk,Female,29-02-2020,A-,Rajasthan
1801EE09,Lorelle Gwatkins,Venezuela,lgwatkinsck@google.com,Female,20-06-2020,AB-,Lakshadweep
1801EE55,Jana Kayes,Russia,jkayesdn@com.com,Female,07-06-2020,O+,Maharashtra
1801ME01,Rowan Spurritt,India,rspurritte0@elpais.com,Male,11-07-2020,AB-,Himachal Pradesh
1801ME20,Quinta Stanborough,Indonesia,qstanborougheg@ustream.tv,Female,26-07-2020,AB-,Kerala
1801ME65,Claudina Robertot,India,crobertotfh@webeden.co.uk,Female,20-09-2020,A-,Rajasthan
1811CS08,Annora Oxtaby,Portugal,aoxtabyfw@craigslist.org,Female,15-03-2020,B-,Maharashtra
1811EE05,Alanson Sanja,Philippines,asanjag9@zimbio.com,Male,26-01-2020,B-,Lakshadweep
1811EE10,Ogdon Scotfurth,Russia,oscotfurthge@constantcontact.com,Male,14-09-2020,O+,Madhya Pradesh
1821CH04,Ingaberg Crowdson,Poland,icrowdsonj6@nsw.gov.au,Female,16-02-2020,AB-,Chandigarh
1821CH06,Adriano Brambell,India,abrambellj8@apple.com,Male,05-09-2020,AB-,Rajasthan
1821CH15,Farly Tabram,Indonesia,ftabramjf@mapy.cz,Male,21-07-2020,B-,Andaman and Nicobar Islands
1821CS13,Aura Hockey,Ukraine,ahockeyjp@wp.com,Female,29-05-2020,AB-,Sikkim
1821CS18,Daryn Taye,Peru,dtayeju@dyndns.org,Female,20-01-2020,A+,Goa
1821EE09,Hymie Opie,Syria,hopiek1@apple.com,Male,06-02-2020,A-,Tripura
18PS07,Hobie Flacke,Portugal,hflackel5@skype.com,Male,31-01-2020,AB-,Goa
1901CE24,Rutter Reyner,Croatia,rreynernb@opensource.org,Male,23-05-2020,AB-,Gujarat
1901CE26,Job Immer,Indonesia,jimmernd@dot.gov,Male,06-01-2020,A+,Odisha
1901CE37,Myrlene Thiem,Nigeria,mthiemnm@edublogs.org,Female,30-07-2020,B+,West Bengal
1901CE51,Cash Hune,India,chunenx@delicious.com,Male,23-04-2020,AB-,Tamil Nadu
1901CS14,Darbie Reddlesden,Russia,dreddlesdenog@spotify.com,Female,14-02-2020,B+,Puducherry
1901CS48,Jen Anfonsi,Norway,janfonsipc@g.co,Female,25-06-2020,A+,Maharashtra
1901EE12,Monah Osipov,Palestinian Territory,mosipovqh@typepad.com,Female,28-05-2020,B-,West Bengal
1901EE13,De Michie,India,dmichieqi@cam.ac.uk,Female,31-07-2020,A+,Maharashtra
1901EE46,Olivie Miles,Venezuela,omilesre@howstuffworks.com,Female,24-09-2020,B+,Daman and Diu
